precision,recall,f1-score,support
0.5213477366255144,0.8108,0.6346274264245461,2500.0
0.5746402877697842,0.2556,0.35382059800664456,2500.0
0.5332,0.5332,0.5332,0.5332
0.5479940121976492,0.5332,0.4942240122155953,5000.0
0.5479940121976492,0.5332,0.4942240122155953,5000.0
