precision,recall,f1-score,support
0.5127697049757816,0.9316,0.6614598125532519,2500.0
0.6266375545851528,0.1148,0.19405003380662608,2500.0
0.5232,0.5232,0.5232,0.5232
0.5697036297804672,0.5232,0.427754923179939,5000.0
0.5697036297804673,0.5232,0.427754923179939,5000.0
