precision,recall,f1-score,support
0.4731552499338799,0.7156,0.5696545136124821,2500.0
0.4167350287120591,0.2032,0.2731917182038182,2500.0
0.4594,0.4594,0.4594,0.4594
0.44494513932296953,0.45940000000000003,0.4214231159081502,5000.0
0.4449451393229695,0.4594,0.4214231159081502,5000.0
