precision,recall,f1-score,support
0.5708094722179229,0.5902688860435339,0.5803761114171059,12496.0
0.5358114233907525,0.5158868715083799,0.5256604109223517,11456.0
0.5546927187708751,0.5546927187708751,0.5546927187708751,0.5546927187708751
0.5533104478043377,0.5530778787759569,0.5530182611697287,23952.0
0.5540702584836182,0.5546927187708751,0.5542061437790003,23952.0
