precision,recall,f1-score,support
0.6673985283645858,0.9000480153649167,0.7664576802507836,12496.0
0.8240845070422536,0.5107367318435754,0.630631601638284,11456.0
0.7138443553774215,0.7138443553774215,0.7138443553774215,0.7138443553774215
0.7457415177034197,0.705392373604246,0.6985446409445338,23952.0
0.7423398514996628,0.7138443553774215,0.701493436906395,23952.0
