precision,recall,f1-score,support
0.764525993883792,1.0,0.8665511265164645,500.0
0.568445475638051,0.49,0.5263157894736842,500.0
0.26875,0.086,0.13030303030303028,500.0
0.36465324384787473,0.652,0.46771879483500717,500.0
0.1724137931034483,0.18,0.1761252446183953,500.0
0.6519174041297935,0.442,0.5268176400476758,500.0
0.475,0.475,0.475,0.475
0.46511765176715986,0.4750000000000001,0.44897193763237625,3000.0
0.46511765176715997,0.475,0.44897193763237625,3000.0
