precision,recall,f1-score,support
0.6078218359587181,0.9309484193011647,0.7354584291817285,2404.0
0.6269592476489029,0.5735354362965998,0.599058622165169,2441.0
0.5257637938896489,0.5231397459165155,0.5244484876051855,2204.0
0.5476190476190477,0.4777731616119651,0.5103172842245396,2407.0
0.44731475186947656,0.2788135593220339,0.3435134429652832,2360.0
0.517609814008706,0.5472803347280335,0.5320317266625991,2390.0
0.55659580458961,0.55659580458961,0.55659580458961,0.55659580458961
0.5455147484990833,0.5552484428627188,0.5408046654674176,14206.0
0.5463370362100758,0.55659580458961,0.5417999354068724,14206.0
