precision,recall,f1-score,support
0.606,0.7518610421836228,0.6710963455149501,403.0
0.136,0.2,0.1619047619047619,340.0
0.264,0.23783783783783785,0.2502369668246446,555.0
0.208,0.20594059405940593,0.20696517412935322,505.0
0.202,0.17353951890034364,0.1866913123844732,582.0
0.218,0.1772357723577236,0.1955156950672646,615.0
0.2723333333333333,0.2723333333333333,0.2723333333333333,0.2723333333333333
0.2723333333333333,0.291069127556489,0.2787350426375746,3000.0
0.2645506666666666,0.2723333333333333,0.26593162402909204,3000.0
