precision,recall,f1-score,support
0.7773851590106007,0.6405990016638935,0.702394526795895,2404.0
0.24683247301736275,0.2154854567800082,0.2300962379702537,2441.0
0.30162504954419345,0.3452813067150635,0.3219801142373599,2204.0
0.20849273144605968,0.22642293311175737,0.21708822943636727,2407.0
0.20198265179677818,0.20720338983050848,0.2045597155406819,2360.0
0.22870662460567823,0.24267782426778242,0.2354851806739748,2390.0
0.31261438828663946,0.31261438828663946,0.31261438828663946,0.31261438828663946
0.3275041149034455,0.31294498539483556,0.3186006674424221,14206.0
0.3281193505371605,0.31261438828663946,0.3187362670577226,14206.0
