precision,recall,f1-score,support
0.46097012528107933,0.574,0.5113130233386781,2500.0
0.4356120826709062,0.3288,0.3747435605197173,2500.0
0.4514,0.4514,0.4514,0.4514
0.44829110397599276,0.45139999999999997,0.4430282919291977,5000.0
0.4482911039759927,0.4514,0.44302829192919774,5000.0
